avg_acc_x_0,avg_acc_y_0,avg_acc_z_0,avg_acc_x_1,avg_acc_y_1,avg_acc_z_1,avg_acc_x_2,avg_acc_y_2,avg_acc_z_2,avg_acc_x_3,avg_acc_y_3,avg_acc_z_3,avg_acc_x_4,avg_acc_y_4,avg_acc_z_4,avg_acc_x_5,avg_acc_y_5,avg_acc_z_5,avg_acc_x_6,avg_acc_y_6,avg_acc_z_6,avg_acc_x_7,avg_acc_y_7,avg_acc_z_7,avg_acc_x_8,avg_acc_y_8,avg_acc_z_8,avg_acc_x_9,avg_acc_y_9,avg_acc_z_9,avg_gyro_x_0,avg_gyro_y_0,avg_gyro_z_0,avg_gyro_x_1,avg_gyro_y_1,avg_gyro_z_1,avg_gyro_x_2,avg_gyro_y_2,avg_gyro_z_2,avg_gyro_x_3,avg_gyro_y_3,avg_gyro_z_3,avg_gyro_x_4,avg_gyro_y_4,avg_gyro_z_4,avg_gyro_x_5,avg_gyro_y_5,avg_gyro_z_5,avg_gyro_x_6,avg_gyro_y_6,avg_gyro_z_6,avg_gyro_x_7,avg_gyro_y_7,avg_gyro_z_7,avg_gyro_x_8,avg_gyro_y_8,avg_gyro_z_8,avg_gyro_x_9,avg_gyro_y_9,avg_gyro_z_9,label
-0.25114505070000004,-0.4519083910999999,1.8885496756999998,-1.1343511522,6.9198472501,28.1648854941,6.7061067349,12.388550116999998,-45.94809206699999,14.3190838941,13.890076421700002,48.472518539000006,12.320610836299998,19.8083972491,-31.433586118000015,11.009159868300001,32.4732829059,94.042748259,2.9763361462000004,-35.725189206,-56.21068656480001,8.639694297400002,19.454962163999994,-21.924428172000006,22.280916783499997,23.319083221000007,77.167939759,-3.1396951045000008,-31.051909315599993,-68.34732818500001,-0.261284183,-9.958412838600001,11.776689528999999,-1.0195849934,-10.1559224129,11.761064529999999,0.11518059679999988,-10.2193990713,11.2564258582,-1.0784229397,-11.932045269100001,13.084306718000002,-3.8789599748000008,-9.936928177600002,12.213457108000002,-0.21514173150000024,-10.835853959699998,11.8240528103,-8.4268114457,-8.11228218,17.083757399999996,-2.5654833799000007,-10.2540668481,12.878007887199999,-10.5960008502,-8.0143816946,12.633623123800001,-0.6250536445000002,-12.700111580400002,12.591142653799999,Running
14.389312150299997,72.81603182900001,76.36946563499998,34.787023257499996,11.929771228999998,6.046566768,-4.8030533085,-33.6427480656,-66.03358874370001,-7.074045945099999,62.443511398,109.64427470599999,20.474045658500003,-52.315264618200004,-20.022901533,-0.3732823669000004,-19.8748073987,-71.93816795900001,-4.7427476432,51.79236737020001,157.4603067369,12.361831808199998,-46.675572401,-42.213739773,-11.7137406105,-11.205342488000005,-47.18244287000001,40.21603145649999,49.94808993529999,132.855727377,-4.7022019865999996,-9.0558248516,14.355791090399999,-7.7944872233,-8.679176712300002,10.4146289818,3.2384716662,-10.197487162600002,10.827226638399999,-3.4717332367000004,-13.315346144300003,15.4175586697,-6.793754708100001,-12.650062942300002,12.730546950899999,0.04706546140000043,-13.2118303288,13.168779374000001,-8.156303534600001,-10.243629550000001,13.227128984,-10.7742234905,-9.4432758338,16.1785449991,2.2328563977,-11.495033740599998,13.3711719518,-4.241752745100001,-9.625709819100003,12.658525465699999,Running
11.4435113947,-29.66641217300001,-46.19847221900001,-5.6053437853000005,1.6793899038999982,-42.023664184,40.9938937665,19.204579760700003,94.198474506,43.03511500380001,-14.608396907000003,-64.18396849590002,23.058778571500003,13.997710545099997,-45.61450424200001,46.8030530937,63.12366413090001,117.890077198,21.531297494,-2.986258796,-64.98320618099999,1.0137405874999985,25.529771000599993,-39.299237058799996,20.340458105800003,41.187787244999996,108.191603081,10.509160232400001,-17.174808510000002,-51.22518864599999,-6.5552294141,-11.9510880484,12.6258106232,-3.7827684410000004,-13.744545173400002,12.4470996864,-8.7734911737,-13.302162455500001,18.131914138999996,-5.140922832300001,-10.700844193,13.8974781036,0.21332516150000025,-13.002113532300001,13.343095778,-9.405327115099999,-10.132301517,15.325029371699998,-10.064018440199998,-7.571998881499999,15.9375782024,0.1622998415999998,-10.805885408700002,14.208574295,-6.692192293199999,-10.220863914400002,14.281328201100001,-7.0855028515,-11.846596145200001,11.1255664846,Running
1.0694655229000005,13.765649027000004,-53.631298078,21.983969826499997,29.5412219915,146.928245346,10.316031041099999,-32.28091568949999,-66.31145115,-5.416030531300001,15.042747113999999,-23.019848054999994,25.099237155000004,2.7389313207,101.73816929300001,23.529771347100002,-3.8351140920000035,-46.30076217700001,0.05954170329999968,15.658015821000001,1.8335884059999927,23.9709914674,12.603818805900001,73.19542045099999,19.4954190588,10.403816987999999,-66.48473204900002,-11.2251909963,18.734350591000002,-7.538167565000009,2.9122998531999995,-14.540443611,9.471025467999999,-8.6480028342,-7.9731220246,15.874345779399999,-2.6799851428000006,-11.571205425200002,13.6177539827,1.5270458854999998,-13.179115580300001,13.429033280000002,-10.2651903338,-12.6539690012,16.788652422,-6.781547767099999,-12.1842424392,14.001543045399998,1.8761670471999998,-15.112221050600002,13.8506641381,-8.908744907700001,-12.864906784800002,16.5318164831,-0.09062974519999986,-12.913490580500001,12.8877735138,-0.6348192085999995,-13.232338332500001,11.514726638600001,Running
21.1221373752,34.5633579231,73.248092272,25.309161005000004,-8.117556744399987,-73.865648275,-15.276335763099999,19.310687446500005,-17.816030884000003,37.2534353729,35.3198460705,70.085497462,34.909924603,2.5068703244999995,-57.797709276,-13.704580188300003,5.012214518300004,-20.471755788000003,20.629007141999995,34.30992355,98.64580269599999,29.853435232499997,-26.7648856197,-55.25038166200001,-9.965648652099997,30.7763365852,-3.7641227749999926,17.655724905999996,35.446564867,48.816030126,-5.699272311500001,-12.572182079200001,15.514970778999999,-1.9246140773,-11.871986770100001,13.856279374100001,-0.3013231166,-14.548011969700003,13.9644336713,-9.0877000807,-8.969154644000003,17.122331617,-6.3069383156,-10.2870258337,16.441179274399996,2.6754834532999996,-10.555397128300001,11.0442676546,-6.592827018899999,-12.532875442100003,12.119218825099999,0.6566846996000003,-13.0751117696,12.4712696084,1.2133252143,-15.163002203899998,11.204912184999998,-7.141655135800001,-7.3337177262000015,15.625749588599998,Running
22.394655536699997,-20.296182826,-60.28320531490002,-13.966411995600001,21.659540899399996,26.886261373000004,27.714504343700003,21.546565237000003,40.443511578000006,25.1435120586,2.929008859999996,-54.429007345,-4.402290536299999,30.512212941999998,21.086259839000004,4.0587784761,-1.898473116800011,38.590840336999996,0.012977124100000025,-33.745039174,-64.9129760518,17.2999992401,38.64122009450001,68.46335983200001,21.554961773000002,10.629007909000007,-13.28625926700001,-6.384732985399998,-27.4580160214,-67.206104574,-0.4981004061999997,-13.146644877700002,14.428789138700001,-0.34355948510000045,-13.163734721800001,13.978288649499998,-10.720756722099999,-10.2318502408,17.411211013,-2.5281296735000005,-11.1617816931,14.086992264700001,-0.23638176820000023,-10.372535895400002,14.653337478000003,-7.9304734228000004,-7.5690084462,14.0639820085,1.1237256292999998,-13.8859027876,13.5222949978,-5.0349656726,-14.033607765700001,13.711015698999997,-10.5398485514,-6.6213155746,16.300798415699997,-3.375297611899999,-11.536537457300001,15.2989063261,Running
18.0931301732,44.058777999,122.07786292799999,20.840458631300002,-2.697710590699996,-47.051907932000006,-4.580916070500001,-6.5320608029999985,-67.448854823,20.389312933000006,46.827480883999996,120.793130877,13.7458016285,-23.8305342654,-44.79389190500002,-9.692366554,-15.158015828999998,-61.96717663160001,43.486260986,60.7114511038,122.25496273800002,31.0320620067,-14.070993496000003,-59.56488542500002,-22.0145040037,-0.2473270400000061,-44.53053341399999,21.479389783000002,19.589312735,133.930535125,-7.608696031400001,-12.354164504900002,17.095964431899997,-9.8843308929,-11.902748489500002,14.0772266388,0.5009230134999998,-13.3275531758,13.135332106699996,-6.841606307799999,-9.4594501493,15.8730640414,-3.5759813199,-10.9440083507,14.893632888000003,0.41376466750000007,-13.137611389,13.3062305442,-9.736870003499998,-11.660805030800002,16.300859451,-5.8237839936,-11.538490580000001,15.9065723418,1.8703076600000004,-8.7692646018,14.8599414827,-6.757866084999999,-7.982155131800001,16.650896073000002,Running
22.375571872800002,-21.897709847000005,-44.5587797178,-13.6809164281,-7.356488922100006,-52.861831673000005,39.9480918401,51.177100947,138.597710799,18.7335887415,-19.99694648499999,-50.203817743,-10.892366516700003,0.7251900669999941,-54.190075301000014,18.289312273000004,48.185496434,127.33206177139998,22.4259539123,-33.58320744730001,-42.796184762699994,-13.341984272,-9.796182255,-55.983206372000005,28.37633565289999,69.19694710399999,100.68473339800002,0.25725209569999946,-34.30457953850001,-29.349618530000008,-8.4148484701,-6.7140276906,14.6001758578,2.4777294645000003,-13.926918411000003,14.0366992953,-7.223442298099999,-7.082985396700002,15.794206618,-3.4087449081,-11.236977194700001,14.0130176556,0.7887646840999996,-13.1634906766,13.294267654700002,-7.506401190699999,-7.6493916512,16.037431715999997,-9.6060105801,-13.09293394,16.743974686199998,0.3810499914000004,-14.792641066300002,15.087724685799998,-0.8936083195000009,-10.711342239900002,12.8523731231,-7.8643112901,-11.981850051300002,17.639970779000002,Running
-4.811450195300001,-17.686259848000002,-68.32977218599999,31.72519044990001,45.9259551571,100.12366447099998,22.9328246156,-2.7938931489999943,-15.93053398699999,-9.824427754400002,-21.161832092000004,-65.3465670548,17.587023234700002,30.8221362192,118.83740429580003,18.4335882183,-23.7931302602,-5.1938941930000055,-8.518320612200002,-13.600762937999999,-69.24732869540001,5.204580594700004,36.757253465999995,105.2381695,17.967176062100002,-18.301526254000006,-9.748091502000005,-5.480916023000001,-17.690075591000003,-66.50915985399999,-3.7246629249999996,-11.3768694878,14.241044996999998,-7.0710984595,-9.491188335100002,14.6016406996,-8.048881674899999,-6.0776144026,15.8415698997,-0.6062547687,-13.1791154846,14.2830371851,-6.1907273977,-9.598610114600001,15.262041092,-9.5801317524,-8.2165302268,14.881181717099997,0.5875929359000007,-13.421059131100003,13.8972949986,-2.0447312949,-9.2387470244,13.7639331821,-9.0908739272,-6.9838643069,14.989580154399999,-0.7148973472,-12.4906390187,14.3316211697,Running
10.705342912499999,43.88778705,98.66030673399999,17.5503810696,-3.996946520000003,-13.578626635999996,8.6427484958,50.025191687,90.749617383,-8.7251910101,-17.864884612999994,-66.556489564,13.735115248800003,44.11908359599999,102.78854971499997,29.5435122962,-10.675573735999999,-20.307634743,-5.932061147000001,-14.659542707899998,-64.718321612,26.0725183024,73.45267220599999,102.64351196699997,30.849619317000002,-1.5969461841000012,-35.96793823499999,-12.096946381700002,-11.167175772000002,-66.53663977900001,-2.122367991000001,-9.3566669458,13.988298415699997,-10.5901414223,-7.499001025500002,17.350908279000002,1.9852979005000002,-10.227516365300001,13.873125075399997,-5.5913621435000005,-8.6813738814,15.3195972447,-6.9085007551,-9.1825336458,16.634355547400002,0.8312452974000001,-15.030189704000003,14.1765918724,-7.468071127399999,-10.8695453613,14.86287117,-8.360405064,-8.101051522,16.9099903101,1.0829541675,-13.7018204693,13.897783278399999,2.0304639573000003,-9.288551520899999,11.994951247199998,Running
21.816793965600006,43.095420078000004,127.28396759900002,22.928244299,-11.702289020800011,-16.138168346,-5.128244115100001,-15.102289959,-67.58320541500001,38.3305350349,64.3648854249,110.84122239099997,27.552672049600005,-30.615264651399997,-37.07633743899999,-10.8190841672,-9.1259541636,-69.128243255,24.051908109,44.09999886400001,101.31908455,18.9251912094,-23.443511667899998,-37.21832008400001,-15.425954401700002,-11.814502812999999,-70.873282248,25.232061006000002,59.352673534999994,125.79007625599998,-6.6548386459,-9.820228768200002,16.7349414808,1.4491651356999995,-12.067360114400001,12.233720778999999,-6.9148484712,-13.308998393700003,14.9319629681,-6.6970750804,-11.887611865600004,13.997392654599997,0.2699659338999997,-14.7921527856,14.1075000759,-7.807426596699999,-12.5499651908,14.4014453891,-11.679252800799999,-7.049049948999999,16.969804763899997,1.4289014004000002,-12.8353655804,13.758623123200001,-1.6099168630999998,-8.3854754443,14.030778883800002,-3.1497117525,-11.204017925600002,14.6228809348,Running
28.729771124699994,-24.4549618845,-46.15801578060001,-14.746564770099997,-2.7488540730000026,-54.283206369000006,25.376336574099994,66.9503810802,137.97022895600003,4.197709846300003,-45.9809162584,-52.515267191,-16.528244543,1.8648868559999983,-45.654960634,34.504580971399996,52.08625974900001,109.796947482,5.385496331599999,-42.2167933428,-48.009160608,-14.474809593400002,-7.632824566199995,-47.81755676800001,34.425190739200005,41.961832424,106.83816948199998,14.246565914999996,-20.526716804700005,-49.35725096700001,1.9044874068,-10.576637458300002,10.7307910917,-6.633110219200001,-11.1293109854,13.925371171200002,-4.6423875151,-10.635902785899999,15.299150465999997,0.44647952600000024,-13.389808940200002,13.526445388199997,-8.3079149368,-12.379799172600002,13.889238359,-9.0374071925,-13.557777594500001,15.974687574799997,-0.21636227020000048,-15.458656501299998,12.940507888899997,-5.776176632,-8.8610612855,13.906572342199999,0.4169385731999995,-13.246742724900002,13.652666091699999,-0.6733933754999996,-13.6942522996,14.965837479300001,Running
-20.1190841187,-5.004579444999999,-27.293129258299995,36.231298111600005,41.7931309716,75.55801582400001,26.264122105800006,-15.926718986999997,-72.67709932700001,-11.799237018800001,19.54656456919999,1.1351140979999996,14.914503018999998,9.496947297999995,81.23740616399999,20.411450558400002,-19.290838911299996,-50.72671832650003,-9.568702339500001,32.9580152587,-2.1152677510000046,29.571756698199994,0.457252498000004,62.439696501,14.609923673599999,-8.452671141999996,-56.9389304173,-9.957251811799999,35.473282341,29.827481079999995,-8.548149235,-10.428383254500002,14.359209060999998,-0.8511279103000001,-12.807045459700001,14.7935352324,-1.0315477195000002,-10.989479350100002,13.5733203879,-6.6267625808999995,-14.0961077687,15.777177810999998,-0.08892073659999955,-13.304115676100002,14.241533280499999,1.9420849326000003,-13.079994583600001,13.564531326700001,-9.7678759582,-8.556556987300002,16.953935622,-7.480766469299998,-12.2775043488,15.866289136999999,-3.4465867673,-14.112709330600001,13.631669997400001,-8.8787156586,-11.731361767800001,16.7542285952,Running
28.054962255800007,8.624426871499994,7.934351918999994,8.228244901900002,-34.519083004,-44.93053360000001,-4.312214232599998,45.670228768,20.232061574000003,29.9870227354,8.718321984999996,17.709923558999996,-0.2847328781999998,-25.054961390999996,-65.521373612,18.702290587700002,40.615267957,73.84580229899998,22.7374044074,8.639693747,-27.403053475999997,-5.3076337093,-23.480916288600007,-59.753435132999996,21.514503574000003,59.866412541,69.87710051489998,23.567175243400005,-4.683969308999996,-33.050382225099995,-3.773246907800001,-10.433998775300001,13.939531325499999,-3.4272996426,-10.9869770038,14.489824296199998,-10.257133722399999,-9.116127586700001,15.2205371857,1.2042920751000004,-13.789711284000003,13.554033281300002,1.7531203275000002,-15.779213236599997,13.284746169599998,-9.126030171,-12.576576517700001,15.981767653599999,-3.4319384109,-11.0890279765,14.07844734,2.4254833695999993,-14.6246722209,13.833818435299998,-7.1111376287,-11.8756489738,14.9402637476,-6.721000851599999,-12.5179827688,15.837724686599998,Running
-6.0725193491,-20.322137629000004,-64.5801533994,18.5183210383,40.954961397999995,90.2587802778,9.9320612658,-23.414504072999993,-12.635113530000002,-3.9366415214999995,-23.020611655899998,-64.46106929700002,19.7580153907,51.004580383400004,92.190077393,11.163358691000001,-19.132824326900003,-6.662595373,-5.229771029999998,-18.786259358000002,-60.07251892200001,27.8541983582,40.901526536999995,134.51374130899998,16.4419836721,-11.790840151000001,-45.6618319402,-12.441985226099998,-9.846564497,-63.88625985000001,-6.063774241499999,-11.8819964405,14.9085254679,-9.5964890965,-8.545875930000001,16.5720996853,2.1986767771,-14.314369391300001,13.3709278101,0.012641667599999806,-10.645973395500002,12.8260059351,-10.219291907899999,-8.229713821199999,17.61238289,1.7999951722999998,-9.869606209699999,13.121660233099998,-4.615043717900001,-14.3712542531,13.752763749099998,-6.7542039389,-12.4122697799,13.9978809349,0.8129346974,-13.3441547382,12.8108692157,-6.750541890699999,-13.312660499900002,16.143877029,Running
32.43282522930001,53.167174911000004,107.27862661740001,20.295419978,-7.221373364999994,-48.945803071000014,-19.217557287600002,-17.857252403000004,-67.112212943,31.444274334,52.10076361099999,129.763361354,21.93435078,-30.149618144999998,-45.80305328100002,-15.847327853,-9.864120657499997,-57.44198429960001,28.843511004999993,51.44122047,140.77786331299998,19.3183212149,6.232061668999998,-55.690838996000004,-21.477098749200003,-9.806872659199996,-34.80228948800002,32.6969471064,80.41679417009999,123.682444007,-10.2620165058,-12.0094379415,16.812822344,1.6911084173,-14.058754157500001,13.981767653199999,-1.0398485178000005,-11.2011491772,14.854265211200001,-5.9292527682,-5.8010030746,14.6797046666,3.5729444141999998,-9.64548521,12.742692946599998,-4.505180597200001,-12.549477000900001,16.1277637496,-6.116996837099999,-10.5653463367,15.0591602327,0.8825148098000011,-13.033119582900003,14.159257888499999,-10.5056686886,-12.330971146400003,17.1779956824,-5.949516375200001,-10.65982847,15.0010547652,Running
28.0534356061,-18.261831470000004,-65.812976074,-20.3519087306,-8.199999818000009,-35.16106816199999,40.33435192179999,67.4496181977,123.80458107070001,4.444275185800001,-50.52748116430001,-52.48549632100001,-14.135114383300001,11.25190850299999,-10.680915546000012,46.1160306899,58.33282460799999,111.853435328,20.669466261100002,-14.070228194300004,-64.605342961,-17.2183204161,13.583968351900001,-0.04885672200001068,21.4160299875,42.910686436099994,67.50229072299999,18.5358787515,-31.293131064,-60.21602935900002,-0.011772346400000622,-13.6224748575,14.789628982500002,-6.916069102600001,-9.453590677700001,16.010087967100002,0.9018018891999997,-14.522865485300002,13.8272266384,-1.8318407543999995,-12.899330425800002,17.0249195086,-8.6489793537,-11.9413228037,16.4096851341,-2.6597214770000006,-12.235268021200001,15.444169998799998,0.8710401537999996,-14.581703471400001,15.194902420400002,-11.481987172399998,-12.519936084600001,16.372636796200002,-6.575248909199999,-13.5040668473,17.606462478,-0.47295398710000053,-12.8351215361,14.4463672636,Running
-17.899236620000003,12.802292058400004,-3.1015263987000083,-10.989313292699999,26.1160305978,1.3297718999999943,28.7061067563,10.644274761299997,63.286260984,26.7725197309,-30.453437340899995,-43.894656764000004,-2.5740462774,60.160304675199995,45.966413126,31.285496211700007,8.166412024800003,66.441221234,17.2656496038,-44.6908401006,-40.38549737699999,-2.536640715999998,48.376335911,34.28855132699999,17.228244142599998,-9.434351152999993,68.923665607,16.4801532266,-42.549618529,-39.624426830000004,3.4633252145999998,-12.8009418484,13.861162187000001,-11.0225144688,-5.433571433200001,17.741228103999998,-6.2918626195,-7.0822529792,16.875505447,1.7620923935000004,-9.569801615500001,15.3152027135,-8.4004442063,-6.368874168100002,17.3010425561,2.1974561691999996,-15.113197612800002,13.7478809338,-0.7317430371000004,-10.7020647041,13.978044509099998,-7.2212449551999995,-13.486000441700003,17.765398025999996,-1.2622606279000006,-11.649086380800002,14.8203907015,1.0810011089999998,-13.9994280817,15.112382888499999,Running
-15.227480651000002,29.2854961124,13.222138875599992,24.905344249800006,28.799998998000007,65.2396965524,20.9190843846,-8.3282449487,-57.56717606100002,-14.029007607,12.225192003400005,9.14733047199999,35.93740505859999,82.28091395380002,92.704580689,11.038167191000001,-45.30534207400002,-43.88091431099999,-11.411450303099999,8.693128394999997,-22.81908475810001,23.515266700299996,62.2328261373,117.2259552169,21.736641979599998,-30.42137294000001,-69.30763245199998,-23.294656230300003,-17.964884560999998,-25.88320541500001,-9.531303501100002,-12.111732959600001,17.748613358800004,-6.101127804000001,-9.6210103027,17.2807788858,4.1224438961,-10.9489520066,11.5762500772,-8.4595263185,-7.563454150000001,17.5861988054,0.5421826829999997,-12.536293312700002,14.997392653899999,1.9896924019999997,-13.122963237300002,11.972246171799998,-5.941703892,-15.609779547700004,18.455156325799997,-4.955619991700002,-10.896889114699999,17.4963550561,-8.0127488617,-11.839271832300003,14.654130935399996,1.7401807316000002,-12.923500346500003,13.586015699699995,Running
15.651145028699997,44.27404680199999,98.767938234,-22.6152678487,-13.728245167800003,-61.093893526,32.03053369659999,75.37862510599999,137.82290273659999,1.0488555980000016,-44.00916215099999,-42.039693831,-22.064121871099996,-19.380150487499996,-48.980915921999994,31.158778664,44.8312978505,128.790077392,3.0343512313999987,-25.729005045999997,-51.23664168099998,-24.9709922784,-11.653434945999999,-67.35267181399999,31.698473616399998,73.7061063955,131.64656582199999,5.5076322803,-19.966412381400005,-51.194654846,-7.9744187685,-9.5931781775,17.754167556,-5.20366683,-12.3292620661,15.900468826400001,-0.34282703379999957,-12.684975052100002,14.026689529699997,-4.7939989091,-9.605202102000002,14.114580153599999,-10.116264558400001,-8.415016555200001,16.744218826599997,2.3507154231000005,-10.8644793497,11.9785938266,-8.461723506399998,-9.239235209000002,14.6533985138,-10.0942917826,-7.653053568500001,19.710405349,1.2457349765000003,-12.28464508,15.1904468534,-5.020317206400001,-9.1823504446,15.404314040999997,Running
-22.753434757100003,-12.634350576,-58.458014774000006,42.958778380999995,75.17099323500001,148.2854969,21.5984734542,-20.417557241699985,-54.92213821600001,-16.4488556394,-3.985494977999994,-46.60000077200001,46.5564888981,65.330533213,147.35038261300002,8.7526714092,-29.05496015570001,-51.225189969999995,-14.283205986000002,-15.2557252917,-62.012977791999994,25.940458630600013,66.060306742,136.20534401000003,20.8916035168,-13.154961820700006,-49.97786254900002,-19.491603278600003,-13.279390723000006,-50.21450308699999,-7.4941941746,-6.7291646,16.4306812277,2.8141553639000003,-13.203773784000001,14.617265701199997,-4.8696824556000005,-9.778541754400003,15.4946460717,-7.6465379727,-8.0627216329,15.516191483400002,4.3851392262,-9.769752883,12.7437305451,-3.8550339999000007,-8.415016459700002,14.327165602999997,-7.130668783500001,-12.0494769104,16.1248340617,3.8451611993999997,-14.5030901905,14.2471485126,1.2526320158,-14.315590095400001,14.872331619599999,-8.6921921591,-9.2955707553,15.4724903114,Running
26.3045799405,34.255724142999995,114.22671994699999,18.864886664,-45.40076437040001,-34.812213889000006,-15.724427414900001,-10.967939307600005,-65.10915966249999,19.906869984000004,48.464884559,141.2511458345,23.032061579100002,-43.061832808000005,-47.15801697599999,-22.3992361057,1.4007635718999978,-14.299236688000013,17.222136755900003,-23.477099898,-4.609160227,-60.6587794776,-80.79465656400001,53.3687015548,8.7137407542,-111.86335944399998,-11.232061635999992,-24.593129682,5.194656645299999,77.24961596,0.10858893430000016,-13.372719096900003,14.559892654499999,-4.0435717317,-10.678444003300001,10.271806716,-1.1890186519000001,-12.040443608100002,13.446367263800003,0.2309032981999998,-9.965981102300002,11.4700489051,0.8297801964,-9.999916554399999,14.560380934799998,-6.9563525553000005,-10.052650928900002,13.983720778999999,0.30316895240000025,-13.4735491752,14.589921951199997,1.7977978671999995,-11.146400832400001,14.9431934345,-7.5310593934,-6.559242628999999,18.860124587199998,-5.716117937400001,-6.5375753373,15.697038651000003,Running
6.050382508499998,-26.47633628799999,-29.94427503920001,-15.6282439227,-20.448091695,-44.575571245000006,27.288549851799996,80.973282249,122.98091715399998,1.5763355310000022,-14.029771798000002,-26.56106911500001,-13.387022687799998,-21.515268321500002,-48.432062146999996,11.794656468599996,13.409925311299995,84.76641359,20.3053440756,29.837404056999997,-10.068700793000005,-12.855725443699999,-42.487024105,-30.58473168400001,-0.9809159278000003,69.52137236889999,43.65572700399999,30.779389858000002,6.9534356956999925,30.405342911900004,-4.943412924799999,-6.9738546338,16.2419605253,-6.470268440300001,-12.501137159,17.0273609159,-0.4976122383999999,-13.1908343309,15.5542163832,-5.340873843700001,-14.1998675313,16.612016676499998,-7.7651902826,-6.728981589200001,16.761735915699997,1.057014323199999,-14.0026019091,14.368242264100001,3.4781569595,-14.3683245656,15.5742969516,-9.664604315499998,-6.468971919200001,17.3550586712,-3.0728684905000003,-11.492592239800002,15.557939529199999,-0.20244613870000058,-11.7211079595,9.9290332806,Running
9.353435500199998,-27.378623963000003,-36.53053503900001,-16.199999999,33.150380848400005,34.57557372599998,27.610687539500002,29.071756112300005,71.980915832,21.8083970316,-2.1564876530000054,-55.287022791000005,-15.932061004,0.3297708450000016,-8.568701162999997,24.4442754243,55.023663042699994,83.019848449,17.1503816586,-6.030534313799995,-61.11755715,-27.832824516999995,-3.2167934410000045,-49.831297314000004,22.126717279000005,50.19923648699999,138.964122782,-12.473282265300004,-47.25190848700001,-39.838167573999996,-11.4861375349,-11.8365864747,19.6191577906,-5.7109910027,-6.4133077611000004,15.477312087900003,3.8090284464999997,-9.5429461469,12.9038257596,-3.7146531112000005,-12.9171527856,14.9270191189,-6.4878464706,-9.8605123528,16.0701465602,-1.4963914399000005,-13.1422504417,15.551591871900001,-5.9241257969,-12.545326613700002,14.5750293726,-11.373832845699999,-12.106850143300003,17.827104567200003,0.00214360909999991,-15.575111674100004,16.048357009,-3.311332816000001,-7.377418994199999,15.361833572100002,Running
-17.448091413,-22.0824412889,-56.74732881140001,34.23587760969999,70.21297550399997,118.496185312,18.7748086485,-6.007632926500003,-30.28091621299999,-8.906107045799999,-26.889314029800005,-49.545037846,23.1938939622,61.1511443134,75.64732932999999,25.701527380399995,19.879388205999998,23.890841300000012,-9.615266924700004,-73.17099127600001,-30.393129192800007,9.022901154400003,26.54809200659999,38.1312975457,-0.6603056489000018,26.37328281400001,29.195421793999998,12.9908393899,-4.904579303599999,-19.828242501999995,-10.7690965036,-10.682045554100002,18.714799879999998,0.14057140229999962,-14.171547221500001,14.532793046399998,0.8407056321999995,-9.9267352105,16.6726245876,-11.2920457726,-11.815590286,16.8977222444,-6.518852329,-13.852455234299999,14.405839918800002,0.8761671541999998,-12.719886969500001,12.6551074985,-7.5444871315,-13.318764113400002,14.857744215900002,-5.8071824255,-9.558998680299998,16.671403884,-1.3118821982000006,-13.777260110999999,17.5078296654,-2.3779831713999995,-12.6651995654,15.115495681599999,Running
-5.017557060399999,33.523663124799995,30.0816789256,26.940458493299996,22.577865223,64.274046331,5.723663998099997,-35.516792487000004,-29.92290039200001,-21.609923588999997,15.75267028699999,-14.661831675000002,28.351145457999998,24.907633011999998,117.802291871,20.367938996,-5.1442738570000035,-37.59312933400001,-23.8381678589,-2.889312366499997,-54.24274864600001,28.475572974,40.217557239,118.07786331500002,21.5778630459,10.025192072999996,-38.48320693599999,-12.867175769,-9.930537317000006,-54.98320560400001,0.9811476581999999,-13.140297411900002,14.1399707796,-3.1462937360999996,-11.4354633334,15.354570388600001,-10.0186082664,-11.5128559112,15.190019607299998,-6.2932664633,-7.8332296362000005,17.2817554484,3.1944654229999996,-10.0910419452,13.548418044600002,-4.694877815400001,-13.695472907900001,15.163896559900001,-7.2144089706,-8.3378070816,17.7725391389,2.4232863196,-14.576088331700001,15.324541091600002,1.4726027309999992,-15.640297031,13.558183669799998,-9.9141160493,-8.124428271700001,19.333757401,Running
28.94809160059999,61.609159469,118.73740530300002,13.8343506893,-2.831297124000008,-5.776335063999995,-7.337404870999999,-35.448855209,-27.444274899000003,3.6358787783999986,45.1312979147,23.82824535199999,18.469466779999998,-23.065649319999995,75.063359064,16.4114512713,12.426717401900003,-58.96641197400002,-24.630534719999996,9.310689643000007,-9.359540943999985,23.8656486068,48.856488802,95.379392249,21.766412834999997,-12.903053054699999,-58.56488571700002,-26.3221374496,-18.0274809868,-45.818319706,0.6991652186999995,-13.593422221500001,14.3089160913,0.9439161779999992,-10.014137552700001,12.142656325999997,-5.2645188815,-14.980385016100001,14.693681716399999,-0.44347400609999976,-13.7955707542,15.175371170599998,3.5509108063,-10.191139601200002,11.8620777123,-9.1868211749,-13.1085590333,17.706315991999997,-6.469535953500001,-10.938637161,16.203935623,1.1041335102000003,-13.883217238700002,14.4463672629,-3.475639439400001,-12.950844192100002,14.186357499200003,-8.598442208700002,-7.9840474108,17.112138748,Running
29.514503389000005,98.79389362599998,129.47328357400002,8.533587077499995,-18.647328762999997,-44.84198342,-10.1755718709,-2.0854932802999953,-49.37862644300001,18.338932515,57.151908683,111.15267133899997,1.0717559333999995,-3.1366411249999997,-17.57633515,-15.130534421799997,-36.092366600000005,-36.79770899700001,3.036640502199994,37.300000381000004,61.912976830999966,28.605344060499995,6.274045848400001,27.603054241999995,5.124427629599998,-41.3099244804,-21.219083021,-10.8763357157,34.363359830000014,24.63435096499999,-0.08165752840000051,-14.592689703300001,15.896806717399997,2.1129225899,-14.4061663619,11.317216874700001,-5.9168625844000005,-7.4086690901,14.976579666500001,1.9113233089000001,-13.7364886289,13.6551074981,-0.11113753300000014,-15.2421037674,13.248857499100001,-10.174370033699999,-6.011208244100001,19.410173414999996,-6.827751302899999,-12.5853656771,17.0095386502,-0.9136277086000011,-14.355629158200003,15.325456618699999,-10.510551644,-10.653481004200001,15.943437577199997,0.3524244785,-12.793129253600002,15.387529373000001,Running
-1.8160310871,-0.4541988460000056,61.231298068,20.5267177063,0.43893109469999986,-37.125190734,-17.9847326645,-4.558013919999996,-3.079389951000002,28.1625946901,64.410687824,111.378627026,9.970992848400002,-8.650380366100007,-57.13053417900001,-28.7496179599,-15.657251359999998,-34.20228920000001,34.09084033929999,79.911451906,114.43511743100001,19.150382768600004,0.31679534890000627,-33.2885491426,-7.8412215704,-14.968704893,-42.712212757,12.419847726900006,47.123665054,87.45877913500001,2.4884717463999997,-15.313881110300002,10.3792285913,-7.3840867040000004,-14.5538714395,16.4197559356,-2.4385301412000002,-12.1427386268,16.0874805449,0.2133254225000007,-13.4759904854,12.8086719509,-8.6570359711,-13.266029548900002,19.293230055000002,-8.4793016849,-7.3569110854,17.1208667759,2.6388013970000004,-13.5641252532,14.2718067178,2.8004224594,-16.7025528893,12.3499317171,-12.2322312714,-8.6532977094,18.1452808357,3.4066236965,-12.3500142087,13.630449295599998,Running
20.119083978200003,6.311450264000001,-13.146563866700003,-11.058778763000003,-44.29389191399999,-22.770227809000016,0.14580147600000187,57.88549728500001,30.858778002999987,37.9671768166,26.036640361999993,60.233589732,6.380153097799999,-16.289312462700003,-46.75954246,-12.772519016999999,18.1000007478,2.4297705578000004,27.451908922199998,52.22748107700001,68.7618337218,19.453435614700002,7.970228778600001,-41.95725116400001,-24.121373844599997,-1.209923549000004,-14.838931373000008,32.888549922600006,68.958777234,101.25420031510001,1.8117139460999994,-15.749672031799998,16.9094409933,-8.7429735012,-6.380348681800001,15.580888748999996,-3.667534018,-10.6808247564,14.738115310200001,-0.8191453463999995,-13.086342143600001,14.1936817166,-1.8669969447000008,-10.8793107996,15.953447344300002,-4.0342332251,-12.911537551900002,14.0318164843,0.23676288130000014,-12.8656391138,13.670732497500001,-6.928520345599999,-9.834389019100001,18.116777420000002,-3.6038743504000004,-12.016517925700002,16.4370899209,2.3488234515,-14.67325611,13.7371387478,Running
19.445038006999997,2.0442764280000043,-41.80076394320002,-25.859541701299996,-9.564885618,-37.81984863300001,23.73206147639999,36.60915938799999,99.60076446400001,12.703816987000002,14.990839619099997,-15.451909728999997,-11.716794347899997,-23.751908298,-52.2702286678,12.559542417500001,58.406106757999986,78.2061062978,31.847328194999996,-4.0114501949999966,40.583971608999995,2.3694659464999974,-13.881679164099992,-30.80534210700001,-20.659541941500002,5.593893144000001,-2.2961830180000162,37.2381680083,62.246565058,89.325191392,-5.372184872599999,-9.6905901912,16.0064258578,-9.871391374499998,-8.1258931162,18.404863357,0.6926954861999997,-14.6756975171,14.313310622900001,2.9506299734,-15.6334611881,10.575517655599999,-8.9248582669,-8.802467822400002,17.400651932400002,-8.488578868100001,-10.498451805600002,18.2324390399,0.029426478999999617,-15.0709611887,15.880632400399998,-5.5205612723,-10.466957377200002,16.0224781016,-1.2009811882000003,-11.7577290534,15.439775466499999,0.5951002596000006,-14.5707170479,15.0613574978,Running
7.492367463000005,-37.281679153999995,-40.00381546700002,-26.974809360200005,-13.716794971499993,-46.986259089,33.938932132400005,84.00076351060001,124.524428464,19.652671053,-22.802289489999993,-45.22824477700001,-16.6839687331,-10.128245445999998,-55.472519488,25.527481460999994,70.293892478,126.36870346999999,22.642748929,-13.906106181999997,-15.402289579000001,-10.965648887899999,-37.4366413593,-38.03205986700001,20.861831799400004,0.14274808100000058,94.262595371,23.395419978799996,-1.341221307999993,13.134351343,-6.3196336088,-12.8795550332,13.841142655599999,-6.2737351437,-9.010414694900001,18.2322559356,-2.9617845054999994,-11.569008159500001,16.2796192156,-1.1023484322999995,-13.958656597500001,10.5838184359,-8.4807663689,-13.759681988100002,14.378007889100001,2.8410109275999993,-14.821937751800002,13.2454395309,-3.0933762881999995,-14.5340960494,16.121660232,-9.831108237199999,-12.579750443300002,19.052751541999996,0.21503435369999996,-13.609535502900002,13.9304981228,1.0731276036000001,-11.9171528812,14.053728103000001,Running
-32.251145177,-63.048092841000006,-23.63053379400001,-8.680915523400001,40.399999629,38.70228996899999,32.699999908500004,27.266412739000003,67.6419861822,25.305344055299997,-36.441220859,-55.00763378900001,-23.919083828900003,13.777864077000007,-2.7038160420000112,45.991602898500005,42.132825371,101.26565017200001,13.564123347500004,-14.436640530800002,-45.84732924600002,-19.895419215,5.0786275999999955,-17.002290348000002,35.367939567,49.75038184,127.09618227700003,21.309924987000006,-1.2221388752000024,-52.877861026999994,-9.0913620833,-13.841469191200002,17.251054764,-4.3691941265,-10.93790493,15.716386795799997,0.07801033709999991,-13.881996156,16.055498123200003,-11.4673387536,-7.4323506354000015,19.234453201,0.48084249499999954,-12.978676032599997,14.828691482699998,2.0250928870999996,-10.437233065300003,14.0076465612,-1.6880418606999998,-8.204567241300003,15.8095874779,-2.8416062832,-11.1073384275,15.6189746873,2.6850049498999997,-10.176979351000002,14.5735645288,-6.6274948905,-13.617103863099999,13.597734451999997,Running
-20.7229010812,-8.948092834999997,-20.306871421,5.7145028049999995,49.34427508899999,116.44122315099999,21.948092652,-19.296945613500004,-48.706869605,-28.715267160400003,-1.6282454469999963,-47.292366312,16.808397671499996,26.447327893300002,121.52824459249999,23.40992362679999,7.756489569999998,-21.206869712000007,-8.506106804999998,-5.17099079639999,-41.586258703,23.483970784500002,54.41374263999999,68.2511462709,19.933586928700002,12.660303945100003,15.377861020999998,-9.793893003099999,-72.24885549500002,-13.161830910000003,-8.242729220400001,-8.4738545407,16.956804273400003,2.8717115400000006,-13.641273784400003,13.3062305442,-7.4692917823,-11.624184036299999,16.7176074968,-9.4392626106,-11.238197704200001,15.079423904999999,1.6076124655999997,-14.611000251499998,13.6316699976,4.0008619191,-11.227028178600003,14.943132400899998,-9.539360171899999,-13.178871345600001,15.935380934300003,-6.045219707799999,-6.7499775863,17.1791553494,1.9259719114,-16.0863419519,12.493730545099998,0.6369093878,-13.7115862841,15.337480543800002,Running
4.013740990999999,34.3244290404,40.122900779199995,16.485496541,-21.255725113000004,51.74656467499999,27.877862595299995,-3.1633602240000003,-45.22977094120001,-19.2977101812,17.334351355000003,0.9320625309999997,7.3679384262,59.02213761329999,113.085497268,32.193893127600006,2.4885472279000096,-41.98091649500001,-32.149619103,-5.706870841000006,-45.75725288900001,12.445037745999997,65.63816795,132.73435210500003,9.364121727799999,-9.825953288700001,-44.0259551595,-8.864122581,-6.696182445,-41.567174910999995,1.3751295687999994,-10.373024271400002,13.675554274800001,-8.0679246432,-10.219643020000001,18.357500076,-4.428520346100001,-12.085365771900001,16.0266895298,2.7774733190000003,-10.171852398200002,14.041582106599998,-7.274711734099999,-13.3319477076,16.3484668734,-11.080619908200001,-10.336586379000002,18.871843336999998,1.6552198880999995,-13.441322517700002,13.794023513999997,1.2828444479,-9.771156596299999,16.0324878694,-8.461052036999998,-12.608314799500002,15.3765430452,0.5006788959999998,-13.742836284300001,14.9429492941,Running
19.414503899000003,17.519083587000004,90.40916024,34.38854970799999,28.163357981,21.365649981,12.560306169,-36.2984722719,-30.365649028000007,-11.3839697245,34.164885899999994,20.9396949341,23.6832066574,-4.828245744500004,69.79312934800001,-5.292366771400002,-23.580152317899994,-35.31831817300001,-26.0709926414,-7.990074535000002,-47.96030541000001,29.502289584,70.664124389,134.917557524,15.347327805000003,-25.714502952100002,-42.928245163999996,-8.929770755899998,-17.557250985000007,-31.934352120000007,2.0299757110999996,-10.496010112099999,14.5066699982,-5.9351121436,-9.585182570800002,15.484209061099998,-3.7507858765,-8.8724753377,16.749528884,3.6478344920000003,-12.876381301499999,13.99958992,0.3905103690999998,-16.486244392499998,12.9121875776,-9.0386278155,-10.347084521200001,16.9585132589,2.3869093106999997,-15.692298888,14.702959059499998,-2.4180222398000004,-10.078346537,16.8164234142,-8.2949754299,-6.333473682100002,16.9299488072,-5.907097005900001,-12.877357768900001,13.939470291800001,Running
15.151146509,53.27328223799999,69.3709935958,19.5282434937,-7.756488707100002,26.393894570999997,26.5992371059,-15.324427410000002,-39.532061754999994,-16.6442752835,24.26717530000001,13.140456989499992,31.516794538499994,50.370230105,99.3206131377,-3.506106376999999,-18.268702226099997,-35.45496064300001,-25.683206365400004,-23.001527023000005,-28.074045951000006,27.1916022836,20.647328944,116.782443119,21.485496233200003,-2.2366414980000036,-36.050382242999994,-10.2000002369,-10.772519776100001,-28.687023548000003,1.3839184939999998,-15.560463045400002,12.091875075999999,-2.6614915855000003,-9.9548113813,14.2801074981,-6.5723191618,-8.086159038500002,16.295366287,3.3319776526999996,-12.3878559101,13.3887500766,-2.8706590178000004,-13.877357768200003,13.807695387399999,-2.1514207366000013,-12.668617629600002,12.5457324987,-6.7318040379,-7.6550067908,18.396745681400002,-3.462211740600001,-9.9511491768,17.475114821699997,-1.7222825295000004,-14.9755022043,12.887773514100001,0.023078798999999782,-13.570961285000001,13.7947559343,Running
18.9893133891,19.81450405,51.3519080663,23.0961839435,6.956489086999999,70.5015274971,18.2167938192,-0.9572507834000012,-47.21831846599999,-9.9519083021,19.570229058699994,-16.0320623765,13.845039133099998,27.7427485391,109.05954456919999,24.980152993199997,-10.205345061999989,-36.7893120812,-20.3267173307,-16.1312986809,-52.821373363,40.535878922200006,67.66412376849999,136.43969460099999,-8.832823945000001,5.087785955899996,-32.8320616708,-9.0068701016,-29.6366405872,-47.21602973700001,0.6730420290000001,-14.093666267,13.104326248799998,-4.887504655100001,-8.890297313300001,17.7682666774,-10.4038621904,-9.2443014146,19.865495682,1.2077100568,-12.968178082600001,16.136980056000002,-4.9011766435,-8.720680618400001,17.0196094522,-10.1250535843,-12.909096145800001,15.495195389999997,2.5614699136999994,-12.945717239400002,14.0208301551,-2.2354661471999995,-12.9857562051,14.5652637494,-11.4595261467,-9.308998584400001,18.790788651,-6.206840658499999,-11.980385112099999,14.6497364048,Running
20.679389961499993,26.639693449,91.13129882800001,36.0671758915,41.968703081,15.165649796000002,-14.103817081300003,-67.2931275387,-30.998474306000002,-0.8312962376000002,52.293893292300005,39.123662752999984,34.09923593570001,4.0381680506999995,37.53664341099999,7.833588505999998,-19.527480043000004,-31.448089595,-16.807633877500002,11.229007724999999,-2.1526702870000065,34.0282448772,21.3007633712,72.849619294,18.753435372800002,11.396947145499997,-35.2190824518,-17.7129768856,2.412215621000007,-6.958015057000006,-0.2598802798000005,-16.073646639699998,13.4366016394,-6.4365769874000005,-10.856910895400002,17.1047534937,1.5280225270999999,-12.854408545800002,13.374589920399998,0.7379835129,-14.548744391000003,11.2823047642,-8.429741096699999,-8.2992330552,19.760271073000002,-2.5242844947000003,-13.143226909000001,16.2713184356,4.759651010400001,-11.882301424500003,10.4292774201,-8.2891160624,-7.949623486200002,15.191179275399998,-5.486198568600001,-12.645180130400002,15.991044998300001,2.1820142511,-9.6037372588,14.357744217999999,Running
8.6916032747,71.977863498,109.35190925700002,25.2908401464,-25.719083599999998,-38.127481083000006,-26.261832223699997,-12.314503568099994,-11.987023152,20.783969461599998,62.333587256,104.54656686599999,-0.3076332130000033,-65.46412219160001,-38.242747106,-33.0816792246,-13.787022982,-38.241221044,44.639695143800004,55.257250791000004,128.603054432,30.231298253899997,-66.738167946,-58.550382616,-25.4435123471,-0.2229014903999996,-36.79083957900001,33.374046033,76.700001046,142.295420082,-12.557670761,-8.8902973173,19.816179275,-4.1380539901,-11.066322898700001,15.604570389500003,1.8507764967999996,-14.5917131426,15.2741870879,-9.0112839996,-14.7003557202,15.510820390000001,-5.7053757548,-11.008461380300002,14.821855546400002,1.7718580246000002,-14.286537360300002,15.377763749100001,-0.19713611600000017,-13.8822405818,14.273210525000001,-7.104057503899999,-12.476234816800002,14.339860916299997,-10.783989179499999,-10.942543411200003,18.836687088,1.1601026172000002,-13.820473003,14.934099196599998,Running
5.943513288000007,-61.577100755000004,-24.340459454,-25.148092173600002,12.324427599999996,6.929771620000002,6.504580272299995,-24.441220910700004,-24.877861974999995,-20.0725191902,23.684732821000004,14.661832045999997,0.4206100450000001,-9.680916215599996,73.9969470398,3.670229720999997,-8.906106185,-56.362595469000006,-49.361831573,-17.402289807899997,-9.395420459000007,10.373282622,-6.638167758999994,104.55877799299999,3.0572523149999995,-49.39083871900001,-49.762596129999984,-19.592366006599995,-12.715266416200004,-57.6030525202,-8.990776276799998,-11.032142829400001,16.3774585713,-4.706352282,-9.606606006300002,15.997392654399999,3.3380812160999995,-8.9636005388,9.0301074973,-5.0691452802,-7.321510886400001,17.4431324,-4.949516344200001,-10.3817526815,16.3228321076,3.9579540723999997,-11.430885505,13.261064529199999,-6.989067222199999,-10.771888826900001,12.9107227343,-7.1267624614,-7.770668602700001,17.768327712799998,0.6293409466000003,-14.0672991755,13.5987110141,2.1867139698000004,-11.1489030829,15.7049121851,Running
21.264122583,80.7229001942,128.3931314021,-17.171756552,-41.1564907558,-27.35190811799999,-22.6778622641,-23.4549615782,-57.471754648000015,33.627480768400005,82.36259546199997,122.49923667700003,-2.3778633140000025,-4.218320850400002,-15.29541931799999,-13.4580157398,-17.8442745183,-47.449617016000005,1.4519085428000011,-16.277099991,85.35954170599999,21.002290627599997,23.2633591277,-28.317557902999994,0.30228948520000215,-25.959541891800008,-34.252671152999994,12.572518919300004,49.84427543560001,84.52977065799999,-6.344047642,-12.4820942879,13.8704395301,1.3891066063,-15.1893692968,14.7459278112,-5.577446175099999,-13.8817523957,12.9754199979,-6.7712938792,-6.486061761,15.357988357800002,0.6972120053999997,-13.1405413621,13.750322341399999,-4.906059480100001,-7.7160420387,15.5840015389,-8.698540008,-12.307777881000003,14.6450977319,0.7975535809999998,-12.517006111700002,11.6753711693,-4.1963426979000005,-10.804604053,11.933916091099999,0.797797823,-12.8895648012,12.547929762999999,Running
24.680916029200002,29.259541125800002,-11.795419688999996,-9.045038091499999,-33.354962067,-60.258779530000005,29.2320610253,44.1312976837,94.983205992,20.245038744600002,-39.544274616500005,-67.60915946300001,15.1931298559,33.7381676684,69.63206180060001,23.4572517383,-15.054962913000002,-104.43969288299999,13.390839387,21.790075590199997,86.56946488000001,19.7419852,-14.148856356,-47.074046124999995,1.8389314177,46.321373240300005,44.17022914700001,24.948090698699996,-1.0656492296999998,-4.136640925999997,-8.0271532742,-10.436439990500002,13.120927810200001,-1.4326710075000002,-12.223305034500001,13.6223926548,-8.4534227671,-6.7765280724,18.314714432,0.14081538909999997,-13.7706684109,13.159013747799998,-5.266655243000001,-10.4493794405,11.0462207803,-5.253471548,-6.9440084453000015,16.4126758564,0.7487255038000004,-13.9127580639,12.646806716699997,-7.4971240522,-8.6651997558,16.4389820107,-2.3005908482999997,-11.4525531742,14.3050098424,2.8710399868,-10.506752394900001,13.4970874781,Running
